"Handle","Title","Option1 Name","Option1 Value","Tagline (product.metafields.custom.tagline)","Capacidade (product.metafields.custom.capacidade)","Badge (product.metafields.custom.badge)","Inclui (product.metafields.custom.includes)","Benefícios (product.metafields.custom.benefits)","Garantia (product.metafields.custom.warranty)","Nota de dimensões (product.metafields.custom.dimensions_note)"
"cookware-set-2-3-4","Conjunto: Panela 2L + Panela 3L + Panela de Pressão 4L + Brinde","Title","Default Title","O conjunto definitivo para quem gosta de cozinhar em maior quantidade!","2L + 3L + 4L · Fogão a Lenha · Gás · Forno","Conjunto Especial","[""1 x Panela de pedra-sabão, 2 litros (Altura: 9,5 cm, diâmetro: 22 cm)"",""1 x Panela de pedra-sabão, 3 litros (Altura: 9,5 cm, diâmetro: 27 cm)"",""1 x Panela de pressão de pedra-sabão de 4 litros (Altura: 15 cm, diâmetro: 25 cm)"",""1 x Kit Inicial Culinário Grátis (Óleo de Cura e Ervas Artesanais)""]","[""Tem a capacidade de liberar gradualmente o calor contido na pedra, mantendo os alimentos quentes por cerca de 1 a 2 horas após o cozimento."",""Muito mais saudável! Estudos recentes indicam a transferência de nutrientes benéficos (Fe, Zn, Ca, Mg) da panela para a comida."",""A pedra-sabão é um material extremamente durável; se bem cuidada, durará centenas de anos."",""As panelas são naturalmente antiaderentes, facilitando muito a limpeza e o cozimento."",""Pode ser usada em fogão a gás, fogão a lenha e também no forno!""]","3 meses contra defeitos de fabricação.","As panelas de pedra são feitas em um processo totalmente artesanal, por isso pode haver pequenas variações nas dimensões das peças."
"soapstone-pressure-cooker-7l","Panela de Pressão de Pedra-Sabão - 7 Litros","Title","Default Title","Cozimento sob pressão seguro, redefinido na pedra","7L · Gás · Fogão a Lenha · Forno","Novo","[""1 x Panela de Pressão de Pedra-Sabão de 7 Litros"",""1 x Tampa de Pedra-Sabão Combinando, com Detalhes em Cobre"",""1 x Kit Inicial Culinário Grátis (Óleo de Cura e Ervas Artesanais)""]","[""100% segura — pode ser aberta durante o cozimento, oferecendo mais controle e tranquilidade."",""Retém e libera o calor gradualmente, mantendo os alimentos quentes por 1 a 2 horas após o cozimento."",""Refeições mais saudáveis! A pedra-sabão pode transferir minerais benéficos (Ferro, Zinco, Cálcio, Magnésio) para a comida."",""Totalmente livre de substâncias tóxicas, garantindo segurança para você e sua família."",""Extremamente resistente e durável — quando bem cuidada, pode durar centenas de anos.""]","3 meses contra defeitos de fabricação.","Por ser uma peça totalmente artesanal, pequenas variações de dimensões, textura e coloração são normais e tornam sua peça única."
"soapstone-pressure-cooker-5l","Panela de Pressão de Pedra-Sabão - 5 Litros","Title","Default Title","Cozimento sob pressão seguro, redefinido na pedra","5L · Gás · Fogão a Lenha · Forno","Novo","[""1 x Panela de Pressão de Pedra-Sabão de 5 Litros"",""1 x Tampa de Pedra-Sabão Combinando, com Detalhes em Cobre"",""1 x Kit Inicial Culinário Grátis (Óleo de Cura e Ervas Artesanais)""]","[""100% segura — pode ser aberta durante o cozimento, oferecendo mais controle e tranquilidade."",""Retém e libera o calor gradualmente, mantendo os alimentos quentes por 1 a 2 horas após o cozimento."",""Refeições mais saudáveis! A pedra-sabão pode transferir minerais benéficos (Ferro, Zinco, Cálcio, Magnésio) para a comida."",""Totalmente livre de substâncias tóxicas, garantindo segurança para você e sua família."",""Extremamente resistente e durável — quando bem cuidada, pode durar centenas de anos.""]","3 meses contra defeitos de fabricação.","Por ser uma peça totalmente artesanal, pequenas variações de dimensões, textura e coloração são normais e tornam sua peça única."
"soapstone-pressure-cooker-4l","Panela de Pressão de Pedra-Sabão - 4 Litros","Title","Default Title","Cozimento sob pressão seguro, redefinido na pedra","4L · Gás · Fogão a Lenha · Forno","Novo","[""1 x Panela de Pressão de Pedra-Sabão de 4 Litros"",""1 x Tampa de Pedra-Sabão Combinando, com Detalhes em Cobre"",""1 x Kit Inicial Culinário Grátis (Óleo de Cura e Ervas Artesanais)""]","[""100% segura — pode ser aberta durante o cozimento, oferecendo mais controle e tranquilidade."",""Retém e libera o calor gradualmente, mantendo os alimentos quentes por 1 a 2 horas após o cozimento."",""Refeições mais saudáveis! A pedra-sabão pode transferir minerais benéficos (Ferro, Zinco, Cálcio, Magnésio) para a comida."",""Totalmente livre de substâncias tóxicas, garantindo segurança para você e sua família."",""Extremamente resistente e durável — quando bem cuidada, pode durar centenas de anos.""]","3 meses contra defeitos de fabricação.","Por ser uma peça totalmente artesanal, pequenas variações de dimensões, textura e coloração são normais e tornam sua peça única."
"dutch-soapstone-pot-2in1","Panela Holandesa de Pedra-Sabão 2 em 1","Title","Default Title","Uma panela funda e uma chapa plana em uma só peça","3L · Gás · Fogão a Lenha · Forno","Versátil","[""1 x Panela Holandesa Funda de Pedra-Sabão (Altura: 10 cm, diâmetro: 23 cm, capacidade: 3 litros)"",""1 x Tampa de Pedra-Sabão que funciona como frigideira plana (Altura: 4 cm, diâmetro: 23 cm)"",""1 x Kit Inicial Culinário Grátis (Óleo de Cura e Ervas Artesanais)""]","[""Design 2 em 1: uma panela funda para ensopados, sopas e molhos, mais uma tampa que vira frigideira plana."",""A pedra-sabão retém e distribui o calor de maneira uniforme para um cozimento eficiente e preciso."",""A tampa plana permite grelhar, dourar ou fritar — ampliando suas opções culinárias."",""Retém e libera o calor gradualmente, mantendo os alimentos quentes muito tempo após o cozimento."",""Extremamente resistente e durável — quando bem cuidada, pode durar centenas de anos.""]","3 meses contra defeitos de fabricação.","Por ser uma peça totalmente artesanal, pequenas variações de dimensões, textura e coloração são normais e tornam sua peça única."
"soapstone-pot-5l","Panela de Pedra-Sabão 5 Litros","Title","Default Title","Gerações de ofício de Minas Gerais","5L · Gás · Fogão a Lenha · Forno","Artesanal","[""1 x Panela de Pedra-Sabão de 5 Litros"",""1 x Tampa de Pedra-Sabão Combinando, com Detalhes em Cobre"",""1 x Kit Inicial Culinário Grátis (Óleo de Cura e Ervas Artesanais)""]","[""Retém e libera o calor gradualmente, mantendo os alimentos quentes por 1 a 2 horas após o cozimento."",""Refeições mais saudáveis! Transfere naturalmente minerais benéficos (Ferro, Zinco, Cálcio, Magnésio) para a comida."",""Livre de substâncias tóxicas, garantindo segurança para você e sua família."",""Feita à mão em Minas Gerais, com uma tradição passada de geração em geração."",""Extremamente forte e durável — quando bem cuidada, pode durar gerações.""]","3 meses contra defeitos de fabricação.","Por ser uma peça totalmente artesanal, pequenas variações de dimensões, textura e coloração são normais e tornam sua peça única."
"soapstone-pot-4l","Panela de Pedra-Sabão 4 Litros","Title","Default Title","Gerações de ofício de Minas Gerais","4L · Gás · Fogão a Lenha · Forno","Artesanal","[""1 x Panela de Pedra-Sabão de 4 Litros"",""1 x Tampa de Pedra-Sabão Combinando, com Detalhes em Cobre"",""1 x Kit Inicial Culinário Grátis (Óleo de Cura e Ervas Artesanais)""]","[""Retém e libera o calor gradualmente, mantendo os alimentos quentes por 1 a 2 horas após o cozimento."",""Refeições mais saudáveis! Transfere naturalmente minerais benéficos (Ferro, Zinco, Cálcio, Magnésio) para a comida."",""Livre de substâncias tóxicas, garantindo segurança para você e sua família."",""Feita à mão em Minas Gerais, com uma tradição passada de geração em geração."",""Extremamente forte e durável — quando bem cuidada, pode durar gerações.""]","3 meses contra defeitos de fabricação.","Por ser uma peça totalmente artesanal, pequenas variações de dimensões, textura e coloração são normais e tornam sua peça única."
"soapstone-pot-3l","Panela de Pedra-Sabão 3 Litros","Title","Default Title","Gerações de ofício de Minas Gerais","3L · Gás · Fogão a Lenha · Forno","Artesanal","[""1 x Panela de Pedra-Sabão de 3 Litros"",""1 x Tampa de Pedra-Sabão Combinando, com Detalhes em Cobre"",""1 x Kit Inicial Culinário Grátis (Óleo de Cura e Ervas Artesanais)""]","[""Retém e libera o calor gradualmente, mantendo os alimentos quentes por 1 a 2 horas após o cozimento."",""Refeições mais saudáveis! Transfere naturalmente minerais benéficos (Ferro, Zinco, Cálcio, Magnésio) para a comida."",""Livre de substâncias tóxicas, garantindo segurança para você e sua família."",""Feita à mão em Minas Gerais, com uma tradição passada de geração em geração."",""Extremamente forte e durável — quando bem cuidada, pode durar gerações.""]","3 meses contra defeitos de fabricação.","Por ser uma peça totalmente artesanal, pequenas variações de dimensões, textura e coloração são normais e tornam sua peça única."
"set-5-soapstone-pots","Conjunto de 5 Panelas de Pedra-Sabão 0,8L | 1L | 1,5L | 2L + Brinde","Title","Default Title","Um conjunto completo de pedra-sabão para toda a família","0,8L + 1L + 1L + 1,5L + 2L · Gás · Fogão a Lenha · Forno","Conjunto Especial","[""1 x Caldeirão de 0,8 litro (11 cm de altura x 13 cm de diâmetro)"",""1 x Frigideira com tampa, aproximadamente 1 litro (6 cm de altura x 20 cm de diâmetro)"",""1 x Panela de 1 litro (9,5 cm de altura x 15,5 cm de diâmetro)"",""1 x Panela de 1,5 litro (9,5 cm de altura x 18 cm de diâmetro)"",""1 x Panela de 2 litros (9,5 cm de altura x 23 cm de diâmetro)"",""1 x Brinde Grátis (selecionado conforme disponibilidade de estoque)""]","[""Tem a capacidade de liberar gradualmente o calor contido na pedra, mantendo os alimentos quentes por cerca de 1 a 2 horas após o cozimento."",""Muito mais saudável! Estudos recentes indicam a transferência de nutrientes benéficos (Fe, Zn, Ca, Mg) da panela para a comida."",""A pedra-sabão é um material extremamente durável; se bem cuidada, durará centenas de anos."",""As panelas são naturalmente antiaderentes, facilitando muito a limpeza e o cozimento."",""Pode ser usada em fogão a gás, fogão a lenha e também no forno!""]","3 meses contra defeitos de fabricação.","As panelas de pedra são feitas em um processo totalmente artesanal, por isso pode haver pequenas variações nas dimensões das peças."
"dream-kitchen-cookware-set","Conjunto de Panelas de Pedra-Sabão – Cozinha dos Sonhos","Title","Default Title","Tudo o que sua cozinha precisa, em pura pedra-sabão","Frigideira + Panela 2L + Panela de Pressão 3L + Travessa de Lasanha + Pilão + Cuscuzeira 4L","Conjunto Completo","[""1 x Frigideira de 23 cm (5 cm de altura x 23 cm de diâmetro)"",""1 x Panela de 2 litros (9,5 cm de altura x 22 cm de diâmetro)"",""1 x Panela de pressão de 3 litros (14,5 cm de altura x 19 cm de diâmetro)"",""1 x Travessa de lasanha de tamanho médio"",""1 x Pilão com faixa de cobre"",""1 x Cuscuzeira/panela 3 em 1 – 4 litros (2 litros em cada seção)"",""1 x Manual de cura""]","[""Tem a capacidade de liberar gradualmente o calor contido na pedra, mantendo os alimentos quentes por cerca de 1 a 2 horas após o cozimento."",""Muito mais saudável! Estudos recentes indicam a transferência de nutrientes benéficos (Fe, Zn, Ca, Mg) da panela para a comida."",""A pedra-sabão é um material extremamente durável; se bem cuidada, durará centenas de anos."",""As panelas são naturalmente antiaderentes, facilitando muito a limpeza e o cozimento."",""Pode ser usada em fogão a gás, fogão a lenha e também no forno!""]","3 meses contra defeitos de fabricação.","As peças de pedra-sabão são enviadas novas em seu estado natural (cinza) e precisam passar por um processo de cura antes do primeiro uso — após a cura, sua peça ficará permanentemente preta (um manual de cura passo a passo está incluído). Como cada peça é totalmente artesanal e medida em litros, pequenas variações nas dimensões são normais."
"set-3-soapstone-pots-large","Conjunto de 3 Panelas de Pedra-Sabão (Grandes)","Title","Default Title","Para quem gosta de cozinhar em maior quantidade","2L + 3L + 4L · Gás · Fogão a Lenha · Forno","Conjunto Especial","[""1 x Panela de pedra-sabão de 2 litros"",""1 x Panela de pedra-sabão de 3 litros"",""1 x Panela de pedra-sabão de 4 litros""]","[""Tem a capacidade de liberar gradualmente o calor contido na pedra, mantendo os alimentos quentes por cerca de 1 a 2 horas após o cozimento."",""Muito mais saudável! Estudos recentes indicam a transferência de nutrientes benéficos (Fe, Zn, Ca, Mg) da panela para a comida."",""A pedra-sabão é um material extremamente durável; se bem cuidada, durará centenas de anos."",""As panelas são naturalmente antiaderentes, facilitando muito a limpeza e o cozimento."",""Pode ser usada em fogão a gás, fogão a lenha e também no forno!""]","3 meses contra defeitos de fabricação.","As panelas de pedra são feitas em um processo totalmente artesanal, por isso pode haver pequenas variações nas dimensões das peças."
"set-4-pots-1-grill","Conjunto de 4 Panelas de Pedra e 1 Grelha 1L | 1,5L | 2L | 3L + Brinde","Title","Default Title","Um conjunto versátil de 5 peças para toda a cozinha","1L + 1,5L + 2L + 3L + Grelha · Gás · Fogão a Lenha · Forno","Conjunto Especial","[""1 x Frigideira de 1 litro (Altura: 5 cm x diâmetro: 18 cm)"",""1 x Panela de 1,5 litro (Altura: 9,5 cm x diâmetro: 18 cm)"",""1 x Panela de 2 litros (Altura: 9,5 cm, diâmetro: 23 cm)"",""1 x Panela de 3 litros (Altura: 10 cm, diâmetro: 22 cm)"",""1 x Grelha (27 cm)"",""1 x Manual de cura"",""1 x Brinde Grátis (selecionado conforme disponibilidade de estoque)""]","[""Tem a capacidade de liberar gradualmente o calor contido na pedra, mantendo os alimentos quentes por cerca de 1 a 2 horas após o cozimento."",""Muito mais saudável! Estudos recentes indicam a transferência de nutrientes benéficos (Fe, Zn, Ca, Mg) da panela para a comida."",""A pedra-sabão é um material extremamente durável; se bem cuidada, durará centenas de anos."",""As panelas são naturalmente antiaderentes, facilitando muito a limpeza e o cozimento."",""Pode ser usada em fogão a gás, fogão a lenha e também no forno!""]","3 meses contra defeitos de fabricação.","As panelas de pedra são feitas em um processo totalmente artesanal, por isso pode haver pequenas variações nas dimensões das peças."
"set-3-pots-pressure-cooker-5l","Conjunto de 3 Panelas de Pedra + Panela de Pressão - 5 litros","Title","Default Title","Tradição, função e elegância em um só conjunto","Panela de Pressão 5L + 3L + 2L + 1,5L · Gás · Elétrico · Carvão · Fogão a Lenha","Conjunto Especial","[""1 x Panela de Pressão de 5 litros (Diâmetro: 23 cm, Altura: 15 cm, ~5,0 kg)"",""1 x Panela de 3 litros (Diâmetro: 22 cm, Altura: 10 cm, ~4,0 kg)"",""1 x Panela de 2 litros (Diâmetro: 17 cm, Altura: 9 cm, ~3,2 kg)"",""1 x Panela de 1,5 litro (Diâmetro: 14 cm, Altura: 8 cm, ~2,0 kg)""]","[""Aquecimento uniforme e eficiente em toda a peça."",""Mantém os alimentos quentes por mais tempo, pois a pedra retém o calor após sair da fonte de calor."",""Compatível com fogão a gás, elétrico, carvão e lenha (exceto indução)."",""Design artesanal que valoriza sua cozinha, com minerais naturais (ferro, cálcio, manganês) transferidos para a comida."",""Durabilidade e resistência — cada peça artesanal é única e feita para durar.""]","3 meses contra defeitos de fabricação.","Por ser um produto 100% artesanal, podem ocorrer pequenas variações de medidas, capacidade e design, tornando cada peça única. Iniciamos o processo de cura antes do envio, e você precisará concluí-lo seguindo nossas instruções."
"complete-set-5-pieces-mortar","Conjunto Completo de Panelas de Pedra – 5 Peças + Pilão","Title","Default Title","Tudo o que sua cozinha precisa, mais um pilão de brinde","Frigideira 1L + 1,5L + 2L + Panela de Pressão 3L + Grelha · Gás · Fogão a Lenha · Forno","Conjunto Completo","[""1 x Frigideira de 1 litro (18 cm de diâmetro)"",""1 x Panela de 1,5 litro"",""1 x Panela de 2 litros"",""1 x Panela de pressão de 3 litros"",""1 x Grelha (23 cm de diâmetro)"",""1 x Pilão de pedra-sabão (brinde)""]","[""Tem a capacidade de liberar gradualmente o calor contido na pedra, mantendo os alimentos quentes por cerca de 1 a 2 horas após o cozimento."",""Muito mais saudável! Estudos recentes indicam a transferência de nutrientes benéficos (Fe, Zn, Ca, Mg) da panela para a comida."",""A pedra-sabão é um material extremamente durável; se bem cuidada, durará centenas de anos."",""As panelas são naturalmente antiaderentes, facilitando muito a limpeza e o cozimento."",""Pode ser usada em fogão a gás, fogão a lenha e também no forno!""]","3 meses contra defeitos de fabricação.","As panelas de pedra são feitas em um processo totalmente artesanal, por isso pode haver pequenas variações nas dimensões das peças."
"versatile-kitchen-cookware-set","Conjunto de Panelas de Pedra – Cozinha Versátil","Title","Default Title","Um conjunto versátil para todas as necessidades da cozinha","Frigideira 23cm + Panela 2L + Panela de Pressão 3L + Pilão · Gás · Fogão a Lenha · Forno","Conjunto Completo","[""1 x Frigideira de 23 cm (3,2 cm de altura x 23 cm de diâmetro)"",""1 x Panela de 2 litros (9,5 cm de altura x 22 cm de diâmetro)"",""1 x Panela de pressão de 3 litros (14,5 cm de altura x 19 cm de diâmetro)"",""1 x Pilão de pedra-sabão com faixa de cobre"",""1 x Manual de cura""]","[""Tem a capacidade de liberar gradualmente o calor contido na pedra, mantendo os alimentos quentes por cerca de 1 a 2 horas após o cozimento."",""Muito mais saudável! Estudos recentes indicam a transferência de nutrientes benéficos (Fe, Zn, Ca, Mg) da panela para a comida."",""A pedra-sabão é um material extremamente durável; se bem cuidada, durará centenas de anos."",""As panelas são naturalmente antiaderentes, facilitando muito a limpeza e o cozimento."",""Pode ser usada em fogão a gás, fogão a lenha e também no forno!""]","3 meses contra defeitos de fabricação.","As panelas de pedra são feitas em um processo totalmente artesanal, por isso são medidas em litros, o que pode resultar em pequenas variações nas dimensões."
"osmenino-stone-cookware-set","Conjunto de Panelas de Pedra Osmenino","Title","Default Title","Uma cozinha de artesão completa em pura pedra-sabão","Panela de Pressão 3L + Panelas 3L + 2L + 1,5L + Frigideira 23cm · Gás · Elétrico · Carvão · Fogão a Lenha","Conjunto Premium","[""1 x Panela de Pressão de 3 litros (Diâmetro: 23 cm, Altura: 12 cm, ~5,0 kg)"",""1 x Panela de 3 litros (Diâmetro: 22 cm, Altura: 11 cm, ~4,5 kg)"",""1 x Panela de 2 litros (Diâmetro: 22 cm, Altura: 7 cm, ~4,0 kg)"",""1 x Panela de 1,5 litro (Diâmetro: 17 cm, Altura: 9 cm, ~3,2 kg)"",""1 x Frigideira de pedra (Diâmetro: 23 cm, Altura: 5 cm, ~3,0 kg)""]","[""Aquecimento uniforme e eficiente em toda a peça."",""Mantém os alimentos quentes por mais tempo, pois a pedra retém o calor após sair da fonte de calor."",""Compatível com fogão a gás, elétrico, carvão e lenha (exceto indução)."",""Design artesanal que valoriza sua cozinha."",""Durabilidade e resistência — cada peça artesanal é única e feita para durar.""]","3 meses contra defeitos de fabricação.","Por ser um produto 100% artesanal, podem ocorrer pequenas variações de medidas, capacidade e design, tornando cada peça única. Iniciamos o processo de cura antes do envio, e você precisará concluí-lo seguindo nossas instruções."
"set-3-pots-pressure-cooker-4l","Conjunto de 3 Panelas de Pedra + Panela de Pressão - 4 litros","Title","Default Title","Tradição, função e elegância em um só conjunto","Panela de Pressão 4L + 2L + 1,5L + 0,8L · Gás · Elétrico · Carvão · Fogão a Lenha","Conjunto Especial","[""1 x Panela de Pressão de 4 litros (Diâmetro: 23 cm, Altura: 12 cm, ~5,0 kg)"",""1 x Panela de 2 litros (Diâmetro: 22 cm, Altura: 7 cm, ~4,0 kg)"",""1 x Panela de 1,5 litro (Diâmetro: 17 cm, Altura: 9 cm, ~3,2 kg)"",""1 x Panela de 0,8 litro (Diâmetro: 14 cm, Altura: 9 cm, ~2,0 kg)""]","[""Aquecimento uniforme e eficiente em toda a peça."",""Mantém os alimentos quentes por mais tempo, pois a pedra retém o calor após sair da fonte de calor."",""Compatível com fogão a gás, elétrico, carvão e lenha (exceto indução)."",""Design artesanal que valoriza sua cozinha, com minerais naturais (ferro, cálcio, manganês) transferidos para a comida."",""Durabilidade e resistência — cada peça artesanal é única e feita para durar.""]","3 meses contra defeitos de fabricação.","Por ser um produto 100% artesanal, podem ocorrer pequenas variações de medidas, capacidade e design, tornando cada peça única. Iniciamos o processo de cura antes do envio, e você precisará concluí-lo seguindo nossas instruções."
"luxury-soapstone-water-filter-10l","Filtro de Água de Pedra-Sabão de Luxo 10L com Cobre Puro","Title","Default Title","Água naturalmente fresca • Decoração elegante • Acabamento premium artesanal","10L (5L superior + 5L inferior) · Bancada","Luxo","[""1 x Filtro de Água de Pedra-Sabão de 10 litros (5L superior + 5L inferior)"",""1 x Torneira"",""2 x Velas filtrantes"",""1 x Manual de instruções"",""Embalagem segura""]","[""A filtração natural ajuda a remover impurezas para uma água limpa e fresca."",""Mantém a água naturalmente fresca graças às propriedades térmicas da pedra-sabão."",""Design elegante e sofisticado — perfeito para cozinhas modernas, de luxo ou rústicas."",""Uma bela peça de destaque para a bancada e uma ótima ideia de presente."",""Acabamento premium artesanal em pedra-sabão natural e cobre puro — resistente e durável.""]","3 meses contra defeitos de fabricação.","Feito em um processo totalmente artesanal, por isso pequenas variações de dimensões, textura e coloração são normais e tornam cada peça única."
"soapstone-baking-pan-m","Forma de Pedra-Sabão M","Title","Default Title","A forma perfeita para massas, bolos e assados","32 x 20 cm · Forno · Gás · Fogão a Lenha","Forma","[""1 x Forma de Pedra-Sabão, tamanho M (Comprimento: 32 cm, Largura: 20 cm, Altura: 5,5 cm)"",""Alças de cobre""]","[""Tem a capacidade de liberar gradualmente o calor contido na pedra, mantendo seus alimentos quentes por cerca de 1 a 2 horas após o cozimento."",""Muito mais saudável! Alguns estudos recentes indicam a transferência de nutrientes benéficos (Fe, Zn, Ca, Mg) da panela para a comida."",""Material 100% natural — não transfere substâncias nocivas para a comida."",""Naturalmente antiaderente, facilitando muito a limpeza e o cozimento."",""Perfeita para massas, bolos, lasanhas e todo tipo de assados.""]","3 meses contra defeitos de fabricação.","Feito em um processo totalmente artesanal, por isso pode haver pequenas variações nas dimensões da peça."
"soapstone-grill-32cm-rechaud","Grelha de Pedra-Sabão 32cm + Rechaud","Title","Default Title","Grelhar em pedra refratária, direto na mesa","32 cm · Fogo Aberto · Gás · Rechaud de Mesa","Grelha","[""1 x Grelha de Pedra-Sabão (32 cm) com alças de cobre"",""1 x Base Rechaud de Pedra-Sabão""]","[""Tem a capacidade de liberar gradualmente o calor contido na pedra, mantendo seus alimentos quentes por cerca de 1 a 2 horas após o cozimento."",""Muito mais saudável! Alguns estudos recentes indicam a transferência de nutrientes benéficos (Fe, Zn, Ca, Mg) da panela para a comida."",""Material 100% natural — não transfere substâncias nocivas para a comida."",""A pedra refratária a torna excelente para grelhar carnes, omeletes e legumes gratinados."",""O rechaud incluso mantém seus pratos quentes direto na mesa.""]","3 meses contra defeitos de fabricação.","Feito em um processo totalmente artesanal, por isso pode haver pequenas variações nas dimensões da peça. A grelha precisará passar por um processo de cura antes do primeiro uso."
"fondue-set-pot-grill","Conjunto de Fondue – Panela (0,8L) + Grelha (32 cm)","Title","Default Title","Carnes grelhadas e fondue em um único conjunto","Panela 0,8L + Grelha 32cm + 2 Rechauds + Molheiras · Mesa","Conjunto Especial","[""1 x Grelha de pedra-sabão, 32 cm"",""1 x Panela de pedra-sabão, 0,8 L (Altura: 10 cm | Largura: 13 cm)"",""2 x Rechauds de pedra-sabão"",""1 x Molheira (Altura: 5 cm / Largura: 7 cm)"",""2 x Molheiras (Altura: 5 cm / Largura: 10 cm)"",""3 x Molheiras (Altura: 5 cm / Largura: 12 cm)""]","[""Tem a capacidade de liberar gradualmente o calor contido na pedra, mantendo seus alimentos quentes por cerca de 1 a 2 horas após o cozimento."",""Muito mais saudável! Alguns estudos recentes indicam a transferência de nutrientes benéficos (Fe, Zn, Ca, Mg) da panela para a comida."",""Material 100% natural — não transfere substâncias nocivas para a comida."",""Naturalmente antiaderente, facilitando muito a limpeza e o cozimento."",""Perfeito para carnes grelhadas e fondue de queijo ou chocolate, direto na mesa.""]","3 meses contra defeitos de fabricação.","As panelas de pedra são feitas em um processo totalmente artesanal, por isso pode haver pequenas variações nas dimensões das peças."
"fondue-set-pot-grill-27cm","Conjunto de Fondue – Panela + Grelha (27 cm)","Title","Default Title","Carnes grelhadas e fondue em um único conjunto","Panela 0,8L + Grelha 27cm + 2 Rechauds + Molheiras · Mesa","Conjunto Especial","[""1 x Grelha de pedra-sabão, 27 cm"",""1 x Panela de pedra-sabão, 0,8 L (Altura: 10 cm | Largura: 13 cm)"",""2 x Rechauds de pedra-sabão"",""1 x Molheira (Altura: 5 cm / Largura: 7 cm)"",""2 x Molheiras (Altura: 5 cm / Largura: 10 cm)"",""3 x Molheiras (Altura: 5 cm / Largura: 12 cm)""]","[""Tem a capacidade de liberar gradualmente o calor contido na pedra, mantendo seus alimentos quentes por cerca de 1 a 2 horas após o cozimento."",""Muito mais saudável! Alguns estudos recentes indicam a transferência de nutrientes benéficos (Fe, Zn, Ca, Mg) da panela para a comida."",""Material 100% natural — não transfere substâncias nocivas para a comida."",""Naturalmente antiaderente, facilitando muito a limpeza e o cozimento."",""Perfeito para carnes grelhadas e fondue de queijo ou chocolate, direto na mesa.""]","3 meses contra defeitos de fabricação.","As panelas de pedra são feitas em um processo totalmente artesanal, por isso pode haver pequenas variações nas dimensões das peças."
"soapstone-fondue-kit","Kit de Fondue de Pedra-Sabão – Queijo ou Chocolate + Molheiras","Title","Default Title","Tudo o que você precisa para o fondue dos seus sonhos","Panela 0,8L + Rechaud + Molheiras · Mesa","Kit Fondue","[""1 x Panela de pedra-sabão, 0,8 L (Altura: 10 cm | Largura: 13 cm)"",""1 x Rechaud de pedra-sabão"",""1 x Molheira (Altura: 5 cm / Largura: 7 cm)"",""1 x Molheira (Altura: 5 cm / Largura: 10 cm)"",""1 x Molheira (Altura: 5 cm / Largura: 12 cm)""]","[""Tem a capacidade de liberar gradualmente o calor contido na pedra, mantendo seus alimentos quentes por cerca de 1 a 2 horas após o cozimento."",""Muito mais saudável! Alguns estudos recentes indicam a transferência de nutrientes benéficos (Fe, Zn, Ca, Mg) da panela para a comida."",""Material 100% natural — não transfere substâncias nocivas para a comida."",""Naturalmente antiaderente, facilitando muito a limpeza e o cozimento."",""Perfeito para fondue de queijo ou chocolate, direto na mesa.""]","3 meses contra defeitos de fabricação.","As panelas de pedra são feitas em um processo totalmente artesanal, por isso pode haver pequenas variações nas dimensões das peças."
"complete-soapstone-fondue-set-32cm","Conjunto Completo de Fondue de Pedra-Sabão (Grelha 32 cm)","Title","Default Title","Bife grelhado e fondue para 3 a 6 pessoas","Grelha 32cm + 2x Panelas 0,8L + 3 Rechauds + 6 Molheiras + 6 Garfos · Mesa","Conjunto Completo","[""1 x Grelha de pedra-sabão de 32 cm"",""2 x Panela de pedra-sabão, 0,8 L (Altura: 10 cm | Largura: 13 cm)"",""3 x Rechauds de pedra-sabão"",""2 x Molheiras (Altura: 5 cm / Largura: 7 cm)"",""2 x Molheiras (Altura: 5 cm / Largura: 10 cm)"",""2 x Molheiras (Altura: 5 cm / Largura: 12 cm)"",""6 x Garfos de fondue de aço inox com cabos de plástico de alta resistência""]","[""Tem a capacidade de liberar gradualmente o calor contido na pedra, mantendo seus alimentos quentes por cerca de 1 a 2 horas após o cozimento."",""Muito mais saudável! Alguns estudos recentes indicam a transferência de nutrientes benéficos (Fe, Zn, Ca, Mg) da panela para a comida."",""Material 100% natural — não transfere substâncias nocivas para a comida."",""Naturalmente antiaderente, facilitando muito a limpeza e o cozimento."",""Perfeito para bife grelhado e fondue de queijo ou chocolate, direto na mesa.""]","3 meses contra defeitos de fabricação.","As panelas de pedra são feitas em um processo totalmente artesanal, por isso pode haver pequenas variações nas dimensões das peças."
"complete-soapstone-fondue-set-27cm","Conjunto Completo de Fondue de Pedra-Sabão (Grelha 27 cm)","Title","Default Title","Bife grelhado e fondue para 1 a 4 pessoas","Grelha 27cm + 2x Panelas 0,8L + 3 Rechauds + 6 Molheiras + 6 Garfos · Mesa","Conjunto Completo","[""1 x Grelha de pedra-sabão de 27 cm"",""2 x Panela de pedra-sabão, 0,8 L (Altura: 10 cm | Largura: 13 cm)"",""3 x Rechauds de pedra-sabão"",""2 x Molheiras (Altura: 5 cm / Largura: 7 cm)"",""2 x Molheiras (Altura: 5 cm / Largura: 10 cm)"",""2 x Molheiras (Altura: 5 cm / Largura: 12 cm)"",""6 x Garfos de fondue de aço inox com cabos de plástico de alta resistência""]","[""Tem a capacidade de liberar gradualmente o calor contido na pedra, mantendo seus alimentos quentes por cerca de 1 a 2 horas após o cozimento."",""Muito mais saudável! Alguns estudos recentes indicam a transferência de nutrientes benéficos (Fe, Zn, Ca, Mg) da panela para a comida."",""Material 100% natural — não transfere substâncias nocivas para a comida."",""Naturalmente antiaderente, facilitando muito a limpeza e o cozimento."",""Perfeito para bife grelhado e fondue de queijo ou chocolate, direto na mesa.""]","3 meses contra defeitos de fabricação.","As peças de pedra-sabão são enviadas novas em seu estado natural (cinza) e precisam passar por um processo de cura antes do primeiro uso — após a cura, sua peça ficará permanentemente preta (um manual de cura passo a passo está incluído). As panelas de pedra são feitas em um processo totalmente artesanal, por isso pode haver pequenas variações nas dimensões das peças."
"soapstone-dinnerware-set-8","Conjunto de Jantar de Pedra-Sabão (8 lugares)","Title","Default Title","Elegância atemporal, esculpida com maestria na pedra","8 Lugares · 32 Peças · Mesa","Luxo","[""8 x Pratos para massa (22 cm)"",""8 x Pratos rasos (28 cm)"",""8 x Pratos de sobremesa (20 cm)"",""8 x Tigelas com pires (500 ml)""]","[""Cada peça é esculpida com maestria em pedra-sabão de qualidade premium, para durabilidade e resistência."",""Design elegante e atemporal que acrescenta uma dimensão estética à sua mesa."",""Dimensões práticas e versáteis para diversas configurações de mesa."",""Material 100% natural, com um charme rústico refinado."",""Envio seguro em caixas de madeira — cada peça chega protegida e em perfeito estado.""]","3 meses contra defeitos de fabricação.","Cada peça é esculpida em pedra-sabão natural por um processo artesanal, por isso pequenas variações de dimensões, textura e coloração são normais e tornam cada peça única. Todas as peças são cuidadosamente embaladas em caixas de madeira para um transporte seguro."
"soapstone-bowls-8-with-saucer","8 Tigelas de Pedra-Sabão 500 ML – Com Pires","Title","Default Title","Tigelas versáteis que mantêm a comida na temperatura certa","8 x 500 ml · Com Pires · Mesa · Vai ao Forno","Mesa","[""8 x Tigelas de pedra-sabão, 500 ml (Altura: 5,5 cm, Largura: 13 cm)"",""8 x Pires combinando (14,5 cm de diâmetro)""]","[""Peça versátil — perfeita para servir refeições e também vai ao forno."",""Mantém caldos, sopas e sorvetes na temperatura certa por muito mais tempo."",""Pedra-sabão 100% natural, com um charme rústico refinado."",""Cada tigela acompanha seu próprio pires combinando."",""Não precisa de cura — para escurecer a peça, basta aplicar óleo na superfície e aguardar 30 minutos.""]","3 meses contra defeitos de fabricação.","As peças são feitas em um processo 100% artesanal, por isso pode haver pequenas variações nas dimensões. As tigelas de pedra-sabão não precisam de cura; se preferir a peça preta, basta aplicar óleo na superfície e aguardar 30 minutos para escurecer."
"stone-water-filter-10l","Filtro de Água de Pedra de 10 Litros","Title","Default Title","Pureza, elegância e tradição","10L · Bancada · Residencial e Comercial","Bem-estar","[""1 x Filtro de Água de Pedra Natural de 10 Litros"",""1 x Torneira"",""Compatível com velas filtrantes de alta eficiência""]","[""Água mais limpa e agradável para o consumo diário."",""Mantém a água naturalmente fresca por mais tempo."",""Capacidade de 10 litros, ideal para toda a família."",""Material resistente com durabilidade duradoura."",""Design elegante que combina com qualquer ambiente, com instalação e manutenção fáceis."",""Uma alternativa sustentável à água engarrafada.""]","3 meses contra defeitos de fabricação.","Feito em um processo totalmente artesanal a partir de pedra natural, por isso pequenas variações de dimensões, textura e coloração são normais e tornam cada peça única."
